"givenname","needs.change","lookup.gen","lookup.sp","notes"
"Lupinus amplus","yes?","Lupinus","sp.","I call all Lupinus sp. Because there's doubts about what's what"
"Achillea lanulosa","yes","Achillea","millefolium",""
"Achillea millifolium","yes","Achillea","millefolium",""
"Aconitum columbinaum","yes","Aconitum","columbianum",""
"Agoseris (small orange)","yes","Agoseris","aurantiaca",""
"Agoseris aurantiaca.1","yes","Agoseris","aurantiaca",""
"Agoseris glauca(?)","yes","Agoseris","glauca",""
"Agoseris glauca.1","yes","Agoseris","glauca",""
"Agoseris glauca?","yes","Agoseris","glauca",""
"Agropyron trachycaulis","yes","Elymus","trachycaulis",""
"Agropyron trachycaulus","yes","Elymus","trachycaulis",""
"Agropyron trachycaulus (""wheat grass"")","yes","Elymus","trachycaulis",""
"Agropyron trachycaulus (wheat grass)","yes","Elymus","trachycaulis",""
"Androsace septentionalis","yes","Androsace","septentrionalis",""
"annual [Probably Galium bifolium - dwi 3/22/03]","yes","Galium","bifolium",""
"Anticlea (Zygadenus) elegans","yes","Anticlea","elegans",""
"Arenaria conjesta","yes","Arenaria","congesta",""
"Artemesia dracunculus","yes","Artemisia","dracunculus",""
"Artemesia tridentata","yes","Artemisia","tridentata",""
"Artemisia dracunuculus","yes","Artemisia","dracunculus",""
"Aster engelmanii ?","yes","Aster","engelmannii",""
"Aster engelmanii?","yes","Aster","engelmannii",""
"Aster foliaceus","yes","Symphyotrichum","foliaceum",""
"Aster foliaceus (Symphyotrichum foliaceum)","yes","Symphyotrichum","foliaceum",""
"Aster foliacous","yes","Symphyotrichum","foliaceum",""
"Barbarea vulgaris ?","yes","Barbarea","vulgaris","not present in plots anymore"
"Calochortus","yes","Calochortus","gunnisonii",""
"Calochortus gunnisoni","yes","Calochortus","gunnisonii",""
"Calochortus gunnisonni","yes","Calochortus","gunnisonii",""
"Caltha leptosepala","yes","Psychrophila","leptosepala","no longer in plots - not sure of Genus"
"Campanula","yes","Campanula","rotundifolia",""
"Campanula rotundifoolia","yes","Campanula","rotundifolia",""
"Campanula rotunifolia","yes","Campanula","rotundifolia",""
"Campunula rotundifolia","yes","Campanula","rotundifolia",""
"Cardamine cordifloia","yes","Cardamine","cordifolia",""
"Castilleja linariaefolia","yes","Castilleja","linariaefolia",""
"Castilleja linariaefolia?","yes","Castilleja","linariaefolia",""
"Castilleja miniata?","yes","Castilleja","miniata",""
"Castilleja occidentale","yes","Castilleja","sulphurea",""
"Castilleja sulphurea - about a meter downhill from plot","yes","Castilleja","sulphurea","plant not in any plot"
"Chrysopsis villosa","yes","Heterotheca","villosa",""
"Chrysopsis villosus","yes","Heterotheca","villosa",""
"Cirsium","yes","Cirsium","sp.","all Cirsium is Cirsium sp. In current matrix"
"Cirsium - short, white flowers","yes","Cirsium","sp.",""
"Cirsium - white flowers, about 38 cm tall","yes","Cirsium","sp.",""
"Cirsium - yellow flowered, common in townsite","yes","Cirsium","sp.",""
"Cirsium - yellow flowers","yes","Cirsium","sp.",""
"Cirsium - yellow; outside plot","yes","Cirsium","sp.",""
"Cirsium (common yellow)","yes","Cirsium","sp.",""
"Cirsium (eatonii?)","yes","Cirsium","sp.",""
"Cirsium eatonii(?)","yes","Cirsium","sp.",""
"Cirsium hookerianum?","yes","Cirsium","sp.",""
"Cirsium parryi","yes","Cirsium","sp.",""
"Cirsium scopulorum","yes","Cirsium","sp.",""
"Cirsium spp","yes","Cirsium","sp.",""
"Cirsium ssp.","yes","Cirsium","sp.",""
"Collomia heterophila","yes","Collomia","heterophylla","no Collomia except linearis in current matrix"
"Collomia linearis.1","yes","Collomia","linearis",""
"Dasiphora (Potentilla pentaphylloides) fruticosa (plant just outside plot to NW)","yes","Dasiphora","fruticosa",""
"Dasiphora (Potentilla) fruticosa","yes","Dasiphora","fruticosa",""
"Dasiphora (Potentilla) fruticosa (plant just outside plot to NW)","yes","Dasiphora","fruticosa",""
"Delphinium barbeyii","yes","Delphinium","barbeyi",""
"Delphinium nelsoni","yes","Delphinium","nuttallianum",""
"Delphinium nelsonii","yes","Delphinium","nuttallianum",""
"Delphinium nutallianum","yes","Delphinium","nuttallianum",""
"Delpinium barbeyi","yes","Delphinium","barbeyi",""
"Dephinium barbeyi","yes","Delphinium","barbeyi",""
"Descurainea","yes","Descurainea","richardsonii",""
"Descurainea incana (richardsonii)","yes","Descurainea","richardsonii",""
"Descurainea richardsoni","yes","Descurainea","richardsonii",""
"Descurainea richarsoni","yes","Descurainea","richardsonii",""
"Descurainea richarsonii","yes","Descurainea","richardsonii",""
"Descurainia incana","yes","Descurainea","richardsonii",""
"Descurainia richardsonii","yes","Descurainea","richardsonii",""
"Descurania richardsonii","yes","Descurainea","richardsonii",""
"Dugaldia","yes","Dugaldia","hoopesii",""
"Dugaldia (Helenium) hoopsii","yes","Dugaldia","hoopesii",""
"Epilobium angustifolium","yes","Chamerion","angustifolium",""
"Epilobium brachycarpum, 75 cm outside","yes","Epilobium","brachycarpum","not in plot"
"Epilobium brachycarpum, 75 cm outside to East","yes","Epilobium","brachycarpum","not in plot"
"Erigeron elatior ? (fuzzy bracts)","yes","Erigeron","elatior",""
"Erigeron lavender rays, yellow disk, glabrous bracts","yes","Erigeron","speciosus",""
"Erigeron sp. (fuzzy bracts)","yes","Erigeron","elatior",""
"Erigeron - white","yes","Erigeron","elatior","not sure"
"Erigeron coulteri ?","yes","Erigeron","coulteri","not in plot"
"Erigeron coulteri, between this plot and Interface 3","yes","Erigeron","coulteri","not in plot"
"Erigeron elatior?","yes","Erigeron","elatior",""
"Erigeron flagellaris.1","yes","Erigeron","flagellaris",""
"Erigeron flagellaris?","yes","Erigeron","flagellaris",""
"Erigeron flagellaris?.1","yes","Erigeron","flagellaris",""
"Erigeron fuzzy","yes","Erigeron","elatior",""
"Erigeron umbellatum","yes","Eriogonum","umbellatum",""
"Erigonium umbellatum","yes","Eriogonum","umbellatum",""
"Erysimum capitata","yes","Erysimum","capitatum",""
"Erythrocoma triflora","yes","Erythronium","grandiflorum",""
"Erythrocoma triflora.1","yes","Erythrocoma","triflora",""
"Erythronium grandiflora","yes","Erythronium","grandiflorum",""
"Eyrthronium grandiflorum","yes","Erythronium","grandiflorum",""
"Fragaria ovale","yes","Fragaria","virginiana","only F. virginiana in current matrix"
"Fragaria ovalis","yes","Fragaria","virginiana","only F. virginiana in current matrix"
"Frasera speciosa - 3 short stalks, maybe on same root","yes","Frasera","speciosa",""
"Gayophytum","yes","Gayophytum","ramosissimum","only G. ramosissimum in current matrix"
"Gayophytum ? Nuttallii","yes","Gayophytum","ramosissimum","only G. ramosissimum in current matrix"
"Gayophytum?","yes","Gayophytum","ramosissimum","only G. ramosissimum in current matrix"
"Gentiana thermalis","yes","Gentianopsis","thermalis",""
"Gentiana thermalis???","yes","Gentianopsis","thermalis",""
"Gentianella acuta.1","yes","Gentiana","acuta",""
"Geranium","yes","Geranium","richardsonii",""
"Geranium richardsoni","yes","Geranium","richardsonii",""
"Geranium richardsoniI","yes","Geranium","richardsonii",""
"Geranium richardsonii.1","yes","Geranium","richardsonii",""
"Geranium richarsoni","yes","Geranium","richardsonii",""
"Geranium viscosissimum (pink flowers)","yes","Geranium","richardsonii",""
"Geranium viscossisimum","yes","Geranium","richardsonii",""
"Habenaria hyperborea","yes","Limnorchis","hyperborea",""
"Habenaria obtusa","yes","Limnorchis","hyperborea","only L. hyperborea in matrix"
"Habenaria saccata","yes","Limnorchis","hyperborea",""
"Haplopappus croceus","yes","Pyrrocoma","crocea",""
"Haplopappus parryi","yes","Oreochrysum","parryi",""
"Haplopappus parryi (Kathy identified initially as Solidago spatulatha)","yes","Oreochrysum","parryi",""
"Haplopappus parryi (Kathy originally called it Solidago spathulata)","yes","Oreochrysum","parryi",""
"Haplopappus parryi (Kathy originally identified as Solidago spathulata)","yes","Oreochrysum","parryi",""
"Haplopapus croceus","yes","Pyrrocoma","crocea",""
"Happlopappus croceus","yes","Pyrrocoma","crocea",""
"Helenium hoopsii","yes","Dugaldia","hoopesii",""
"Helianthella quinquenervis.1","yes","Helianthella","quinquenervis",""
"Helianthella quinquinervis","yes","Helianthella","quinquenervis",""
"Heliomeris (Viguiera) multiflora","yes","Heliomeris","multiflora",""
"Heracleum","yes","Heracleum","maximum","only H. maximum in matrix"
"Heracleum fendleri","yes","Heracleum","maximum",""
"Heracleum lanatum","yes","Heracleum","maximum",""
"Heracleum maximum","yes","Heracleum","maximum",""
"Heracleum sphondylium","yes","Heracleum","maximum",""
"Heterotheca (Chrysopsis) villosa","yes","Heterotheca","villosa",""
"Heterotheca fulcrata","yes","Heterotheca","villosa",""
"Heterotheca multiflora","yes","Heterotheca","villosa",""
"Heuchera parviflora (outside plot)","yes","Heuchera","parviflora","not in plot"
"Hydrophyllum captitatum","yes","Hydrophyllum","capitatum",""
"Ipomopsis aggregat","yes","Ipomopsis","aggregata",""
"Lathyrus leucanthus.1","yes","Lathyrus","leucanthus",""
"Ligisticum porteri","yes","Ligusticum","porteri",""
"Ligularia","yes","Senecio","bigelovii","c/b S. integerrimus"
"Ligularia (Senecio) bigelovii","yes","Senecio","bigelovii",""
"Ligularia bigelovii","yes","Senecio","bigelovii",""
"Ligusticum ?","yes","Ligusticum","porteri",""
"Ligusticum porter","yes","Ligusticum","porteri",""
"Ligusticum poteri","yes","Ligusticum","porteri",""
"Limnorchis (Habenaria) hyperborea","yes","Limnorchis","hyperborea",""
"Lonicera involucrata (outside plot 1.5 m to north)","yes","Lonicera","involucrata","not in plot"
"Lupinus","yes","Lupinus","sp.","all Lupinus called sp. In matrix"
"Lupinus not amplus - small flowers, darker leaves, smaller plant","yes","Lupinus","sp.","all Lupinus called sp. In matrix"
"Lupinus (smaller flowers, more purple)","yes","Lupinus","sp.","all Lupinus called sp. In matrix"
"Lupinus amplus-N plant","yes","Lupinus","sp.","all Lupinus called sp. In matrix"
"Lupinus amplus-S plant","yes","Lupinus","sp.","all Lupinus called sp. In matrix"
"Lupinus argenteus","yes","Lupinus","sp.","all Lupinus called sp. In matrix"
"Lupinus argenteus (small flowers)","yes","Lupinus","sp.","all Lupinus called sp. In matrix"
"Lupinus argenteus (smaller flowers)","yes","Lupinus","sp.","all Lupinus called sp. In matrix"
"Lupinus argenteus ?","yes","Lupinus","sp.","all Lupinus called sp. In matrix"
"Lupinus prunophyllus","yes","Lupinus","sp.","all Lupinus called sp. In matrix"
"Lupinus sp. (smaller flowers than argenteus, darker color)","yes","Lupinus","sp.","all Lupinus called sp. In matrix"
"Mertensia brevistyla","yes","Mertensia","fusiformis","probably morph of M. fusiformis"
"Mertensia ciliata.1","yes","Mertensia","ciliata",""
"Mertensia fusiformes","yes","Mertensia","fusiformis",""
"Mimulus guttatus ?","yes","Mimulus","guttatus",""
"Noccea (Thlaspi) montana","yes","Noccaea","montana",""
"Noccea montana","yes","Noccaea","montana",""
"Oreochrysum (Haplopappus) parryi","yes","Oreochrysum","parryi",""
"Pachystima myrsinites","yes","Paxistima","myrsinites",""
"Pentaphylloides (Potentilla, Dasiphora) fruticosa (plant just outside plot to NW)","yes","Dasiphora","fruticosa",""
"Platanthera (Habenaria) hyperborea","yes","Limnorchis","hyperborea",""
"Polygonum aviculare (Weber's engelmanii?)","yes","Polygonum","aviculare",""
"Polygonum Douglasii","yes","Polygonum","douglasii",""
"Polygonum douglassi","yes","Polygonum","douglasii",""
"Polygonum douglassii","yes","Polygonum","douglasii",""
"Potentilla fruticosa (just outside plot)","yes","Dasiphora","fruticosa",""
"Potentilla fruiticosa","yes","Dasiphora","fruticosa",""
"Potentilla fruticosa","yes","Dasiphora","fruticosa",""
"Potentilla fruticosa - 1 meter to NE of plot","yes","Dasiphora","fruticosa",""
"Potentilla fruticosa (plant just outside plot to NW)","yes","Dasiphora","fruticosa",""
"Potentilla gracilis","yes","Potentilla","gracilis v. pulcherrima",""
"Potentilla pulcherrima","yes","Potentilla","gracilis v. pulcherrima",""
"Potentilla pulcherrima X hippiana","yes","Potentilla","hippiana","called P. hippiana in current matrix"
"Potentilla pulcherrima x P. hippiana","yes","Potentilla","hippiana","called P. hippiana in current matrix"
"Potentilla pulcherrima X P. hippiana","yes","Potentilla","hippiana","called P. hippiana in current matrix"
"Pseudocymoterus montanus","yes","Pseudocymopterus","montanus",""
"Pyrrocoma (Haplopappus) crocea","yes","Pyrrocoma","crocea",""
"Rananculus inamoenus","yes","Ranunculus","inamoenus",""
"Ranunculus","yes","Ranunculus","inamoenus",""
"Ranunculus inaomus","yes","Ranunculus","inamoenus",""
"Ranunculus repens","yes","Ranunculus","inamoenus",""
"Ranunculus repens?","yes","Ranunculus","inamoenus",""
"Ranunculus?","yes","Ranunculus","inamoenus",""
"Rosa woodsi","yes","Rosa","woodsii",""
"Salix brachycarpa (?) South side","yes","Salix","brachycarpa",""
"Salix drummondiana and Salix monticola","yes","Salix","drummondiana",""
"Salix wolfii (?)","yes","Salix","wolfii",""
"Sedum lanceolata","yes","Amerosedum","lanceolatum",""
"Sedum lanceolatum","yes","Amerosedum","lanceolatum",""
"Senecio integerimus","yes","Senecio","integerrimus",""
"Senecio integerrimus (tall)","yes","Senecio","integerrimus",""
"Senecio integerrimus.1","yes","Senecio","integerrimus",""
"Smilacina stellata","yes","Maianthemum","stellatum",""
"Smilicina stellata?","yes","Maianthemum","stellatum",""
"Stellaria longipes","yes","Stellaria","longifolia",""
"Taraxacum","yes","Taraxacum","officinale",""
"Taraxacum officinalis","yes","Taraxacum","officinale",""
"Taraxacum officionale","yes","Taraxacum","officinale",""
"Thaspi montanum","yes","Noccaea","montana",""
"Thlaspi montahum","yes","Noccaea","montana",""
"Thlaspi montanum","yes","Noccaea","montana",""
"Thlaspi montanum (Noccaea montana)","yes","Noccaea","montana",""
"Toal flowers","yes","Total Flowers","","Delete - calculation"
"Tragopogon","yes","Tragopogon","dubius",""
"Valeriana capitatum","yes","Valeriana","capitata","not sure all 3 Valeriana spp are right."
"Valeriana edulis.1","yes","Valeriana","edulis",""
"Valeriana edulus","yes","Valeriana","edulis",""
"Veratrum","yes","Veratrum","tenuipetalum",""
"Veratrum californicum","yes","Veratrum","tenuipetalum",""
"Viguera multiflora","yes","Heliomeris","multiflora",""
"Viguiera multiflora","yes","Heliomeris","multiflora",""
"Viguieria multiflora","yes","Heliomeris","multiflora",""
"Viola adunca, by path just below alders by Treasury","yes","Viola","adunca","not in plot"
"Viola nuttalii","yes","Viola","nuttallii",""
"Viola nuttallii","yes","Viola","nuttallii",""
"Viola praetorum","yes","Viola","praemorsa",""
"Zygadenus elegans","yes","Anticlea","elegans",""
"""droopy grass - oats""","yes","Stipa","lettermanii",""
"(Elymus glauca) tight spike, 5-mm awns, NW corner","yes","Elymus","glaucus",""
"Achnatherum (Stipa) lettermanii - needlegrass","yes","Stipa","lettermanii",""
"Achnatherum (Stipa) lettermanii - needlegrass (long awns)","yes","Stipa","lettermanii",""
"Agoseris?","yes","Agoseris","aurantiaca","A. glauca never in this plot"
"Antennaria parvifolia","yes","Antennaria","pulcherrima",""
"Arabis not drummondii?","yes","Arabis","drummondii",""
"Arabis glabra","yes","Arabis","drummondii",""
"Arabis","yes","Arabis","drummondii",""
"Arabis drummondii.1","yes","Arabis","drummondii",""
"Arabis drummondii (purple flowers)","yes","Arabis","drummondii","morph of A. drummondii"
"Arabis pink, tiny flowers","yes","Arabis","drummondii",""
"Arabis - small pink flowers","yes","Arabis","drummondii",""
"Arabis - small pink flowers drummondii","yes","Arabis","drummondii",""
"Arabis - small pink-flowered species","yes","Arabis","drummondii",""
"Arabis drummondii (?) - small, yellowish flowers","yes","Arabis","drummondii",""
"Arabis spp. (pink flowers)","yes","Arabis","drummondii",""
"Arenaria fendleri (ID by Barb Frase)","yes","Arenaria","fendleri",""
"Arnica chamissonis?","yes","Arnica","chamissonis","c/b plots no longer extant"
"Artemisia dracunculus","yes","Oligosporus","dracunculus",""
"Aster laevis?","yes","Aster","engelmannii",""
"Aster","yes","Aster","engelmannii",""
"Aster?","yes","Symphyotrichum","foliaceum","later called A. foliaceus"
"awn grass","yes","Stipa","lettermannii",""
"Bromelica (Melica) spectabilis","yes","Melica","spectabilis",""
"Bromopsis spp","yes","Ceratochloa","carinata",""
"Bromopsis ceratochloa carinatus?","yes","Ceratochloa","carinata",""
"Bromopsis ceratochloa carinatus","yes","Ceratochloa","carinata",""
"Bromopsis pumpelliana (?)","yes","Bromus","inermis",""
"Bromopsis pumpelliana","yes","Bromus","inermis",""
"Bromopsis spp.","yes","Bromus","inermis",""
"Bromopsis inermis","yes","Bromus","inermis",""
"Bromopsis ceratochlora carinatus?","yes","Ceratochloa","carinata",""
"Bromopsis spp. (smooth)","yes","Ceratochloa","carinata",""
"Bromopsis ceratochloa carinatus? (nodding brome)","yes","Ceratochloa","carinata",""
"Bromopsis pumpelliana (Bromus inermis var. pumpellianus","yes","Bromus","inermis",""
"Bromopsis pumpelliana (Bromus inermis var. pumpellianus)","yes","Bromus","inermis",""
"Brompsis pumpelliana (?)","yes","Bromus","inermis",""
"Brompsis pumpelliana","yes","Bromus","inermis",""
"Bromus nodding brome","yes","Ceratochloa","carinata","maybe?"
"Bromus nodding","yes","Ceratochloa","carinata","maybe?"
"Bromus spp.","yes","Ceratochloa","carinata","maybe?"
"Bromus (nodding)","yes","Ceratochloa","carinata","maybe?"
"Bromus upright","yes","Ceratochloa","carinata","maybe?"
"Bromus - nodding","yes","Ceratochloa","carinata","maybe?"
"Bromus","yes","Ceratochloa","carinata","maybe?"
"Bromus - nodding brome","yes","Ceratochloa","carinata","maybe?"
"Bromus? tall, heavy heads","yes","Ceratochloa","carinata","maybe?"
"Carex illota?? microptera??","yes","Carex","sp.",""
"Carex spp. (dark)","yes","Carex","sp.",""
"Carex spp","yes","Carex","sp.",""
"Carex","yes","Carex","sp.",""
"Carex geyeri?","yes","Carex","geyeri","C. geyeri most common Carex -- flowers early"
"Carex sp. B","yes","Carex","sp.","If not ID'ed as geyeri, probably not"
"Carex ? species","yes","Carex","sp.","No idea except to call Carex sp."
"Carex spp.","yes","Carex","sp.",""
"Carex #2","yes","Carex","sp.",""
"Carex (not geyeri)","yes","Carex","sp.",""
"Carex illota?? Microptera??","yes","Carex","sp.",""
"Carex sp.","yes","Carex","sp.",""
"Carex species B","yes","Carex","sp.",""
"Carex same species as RM9","yes","Carex","sp.",""
"Carex - like Int1","yes","Carex","sp.",""
"Carex - tall, short brown head","yes","Carex","sp.",""
"Carex (big brown head)","yes","Carex","sp.",""
"Carex (not geyeri - stigmas shorter)","yes","Carex","sp.",""
"Carex sp. (nigricans? - black perigynia)","yes","Carex","sp.",""
"Carex sp. (viridula? - short, 3 spikes, green, small perigynia)","yes","Carex","sp.",""
"Carex species not geyeri or simulata?","yes","Carex","sp.",""
"Castilleja","yes","Castilleja","linariaefolia",""
"Castilleja (red)","yes","Castilleja","linariaefolia",""
"Castilleja red","yes","Castilleja","linariaefolia",""
"Castilleja linariifolia","yes","Castilleja","linariaefolia",""
"Castilleja miniata","yes","Castilleja","linariaefolia",""
"Ceratochloa (Bromus) carinata","yes","Ceratochloa","carinata",""
"Ceratochloa (Bromus) carinatus","yes","Ceratochloa","carinata",""
"Ceratochloa carinata","yes","Ceratochloa","carinata",""
"Ceratochloa (Bromopsis) carinata","yes","Ceratochloa","carinata",""
"Ceratochloa carinatus","yes","Ceratochloa","carinata",""
"Ceratochloa carinata (nodding brome)","yes","Ceratochloa","carinata",""
"Chamerion danielsii (Epilobium angustifolium)","yes","Chamerion","angustifolium",""
"Chenopodium album?","yes","Chenopodium","album",""
"Chenopodium","yes","Chenopodium","album","no longer in plots - tracked outside plots in VR area"
"Chenopodium alba","yes","Chenopodium","album",""
"Conioselenium ssp.","yes","Ligusticum","porteri","not in RMBL herbarium"
"Deschampsia? SE corner","yes","Deschampsia","caespitosa",""
"Deschampsia? - pearl grass","yes","Deschampsia","caespitosa",""
"Deschampsia?? (pearl grass??)","yes","Deschampsia","caespitosa",""
"Dugaldia hoopsii","yes","Dugaldia","hoopesii",""
"Elymus spp","yes","Elymus","trachycaulis",""
"Elymus ""wheat grass""","yes","Elymus","trachycaulis",""
"Elymus elymoides","yes","Elymus","trachycaulis",""
"Elymus","yes","Elymus","trachycaulis",""
"Elymus (""wheat grass"")","yes","Elymus","trachycaulis",""
"Elymus longifolius","yes","Elymus","trachycaulis",""
"Elymus (Agropyron) trachycaulus","yes","Elymus","trachycaulis",""
"Elymus spp.","yes","Elymus","trachycaulis",""
"Elymus ssp.","yes","Elymus","trachycaulis",""
"Elymus thurberi","yes","Elymus","trachycaulis",""
"Elymus (Agropyron) trachycaulus - slender wheatgrass","yes","Elymus","trachycaulis",""
"Elymus (Agropyron) trachycaulus - wild rye","yes","Elymus","trachycaulis",""
"Elymus elymoides (""squirrel tail grass"")","yes","Elymus","trachycaulis",""
"Elymus elymoides (squrrel tail grass)","yes","Elymus","trachycaulis",""
"Elymus glaucus (tight spike, 5-mm awns, NW corner)","yes","Elymus","trachycaulis",""
"Elymus longifolius - squirreltail grass, northwest corner of plot","yes","Elymus","trachycaulis",""
"Elymus spp. (squirrel tail)","yes","Elymus","trachycaulis",""
"Elymus?","yes","Elymus","trachycaulis",""
"Erigeron","yes","Erigeron","flagellaris",""
"Erigeron subalpinum","yes","Eriogonum","subalpinum",""
"Erysimum","yes","Erysimum","asperum",""
"Feather grass - pearl grass?","yes","Deschampsia","caespitosa",""
"Festuca","yes","Festuca","thurberi",""
"Festuca rubra","yes","Festuca","thurberi",""
"Festuca pratensis (?)","yes","Festuca","thurberi",""
"Festuca (?) - reddish, no awn, edge of N side","yes","Festuca","thurberi",""
"Festuca pratensis - bunch grass","yes","Festuca","thurberi",""
"Festuca pratensis? - bunch grass","yes","Festuca","thurberi",""
"Festuca thurberi - bunch grass","yes","Festuca","thurberi",""
"Festuca?","yes","Festuca","thurberi",""
"Fragaria","yes","Fragaria","virginiana",""
"Gentianopis calycosa","yes","Pneumonanthe","parryi",""
"Happlopappus parryi","yes","Oreochrysum","parryi",""
"Hydrophyllum??","yes","Hydrophyllum","fendleri",""
"Koelaria micrantha","yes","Koelaria","macrantha",""
"Koelaria macrantha","yes","Koelaria","macrantha",""
"Koelaria macrantha - no obvious awn, inconspicuous anthers","yes","Koelaria","macrantha",""
"Koelaria macrantha - no obvious awn, inconspicuous anthers, middle of south side of plot","yes","Koelaria","macrantha",""
"Koelaria macrantha - no obvious awn, inconspicuous anthers, west side","yes","Koelaria","macrantha",""
"Koelaria macrantha, southwest corner","yes","Koelaria","macrantha",""
"Koelaria micrantha - no obvious awn, inconspicuous anthers","yes","Koelaria","macrantha",""
"Koelaria micrantha - no obvious awn, inconspicuous anthers, middle of south side of plot","yes","Koelaria","macrantha",""
"Koelaria micrantha - no obvious awn, inconspicuous anthers, west side","yes","Koelaria","macrantha",""
"Koelaria micrantha, southwest corner","yes","Koelaria","macrantha",""
"Koeleria micrantha","yes","Koelaria","macrantha",""
"Koeleria macrantha","yes","Koelaria","macrantha",""
"Melandrium","yes","Silene","antirrhina",""
"Mertensia","yes","Mertensia","fusiformis",""
"Phacelia heterosepala","yes","Phacelia","heterophylla",""
"Phleum pratense","yes","Phleum","commutatum",""
"Phleum","yes","Phleum","commutatum",""
"Phleum or Alopoceurus","yes","Phleum","commutatum",""
"Phleum commutatum (alpinum)","yes","Phleum","commutatum",""
"Poa reflexa","yes","Poa","sp.",""
"Poa spp","yes","Poa","sp.","P. pratense lately, but might be better sp."
"Poa (pratensis?)","yes","Poa","sp.",""
"Poa ?","yes","Poa","sp.",""
"Poa","yes","Poa","sp.",""
"Poa pratensis","yes","Poa","sp.",""
"Poa sp.","yes","Poa","sp.",""
"Poa arctica (?)","yes","Poa","sp.",""
"Poa (NOT pratensis)","yes","Poa","sp.",""
"Poa arctica","yes","Poa","sp.",""
"Poa sp.?","yes","Poa","sp.",""
"Poa - very short stalks","yes","Poa","sp.",""
"Poa (arctica? - very tall)","yes","Poa","sp.",""
"Poa pratensis (?; middle of plot, just west of Salix)","yes","Poa","sp.",""
"Poa pratensis(?) - very tall, but not P. arctica","yes","Poa","sp.",""
"Poa sp. #2, stiffer, taller, coarser","yes","Poa","sp.",""
"Poa species #2 - bigger glumes","yes","Poa","sp.",""
"Poa species? 3 feet tall, small flowers","yes","Poa","sp.",""
"Poa species?? - NE corner","yes","Poa","sp.",""
"Poa tracyi - ID by Jennifer Rudgers, July 2009","yes","Poa","tracyi",""
"Poa?","yes","Poa","sp.",""
"Poa? reflexa?","yes","Poa","sp.",""
"Poa? Fat flowers, inflorescence very spread out","yes","Poa","sp.",""
"Poa(grass)","yes","Poa","sp.",""
"Salix","yes","Salix","monticola",""
"Salix species","yes","Salix","monticola",""
"Salix brachycarpa (monticola?)","yes","Salix","brachycarpa",""
"Salix planifolia","yes","Salix","brachycarpa",""
"Saxifraga cernua","yes","Lithophragma","glabrum",""
"Saxifraga cornua","yes","Lithophragma","glabrum",""
"Saxifraga arguta","yes","Lithophragma","glabrum",""
"Senecio pudicus","yes","Senecio","integerrimus",""
"Senecio pudica","yes","Senecio","integerrimus",""
"Senecio streptanthefolius??","yes","Senecio","integerrimus",""
"Senecio low species","yes","Senecio","integerrimus",""
"Senecio tall species","yes","Senecio","integerrimus",""
"Senecio","yes","Senecio","integerrimus",""
"Senecio sp.","yes","Senecio","integerrimus",""
"Senecio mutabilis","yes","Senecio","integerrimus",""
"Senecio werneriaefolius? (short)","yes","Senecio","integerrimus",""
"Senecio werneriaefolius","yes","Senecio","integerrimus",""
"Senecio bigelovii","yes","Ligularia","bigelovii",""
"Silene scouleri","yes","Silene","antirrhina",""
"Silene","yes","Silene","antirrhina",""
"Silene antirrhina(?)","yes","Silene","antirrhina",""
"Silene spp.","yes","Silene","antirrhina",""
"Smilacina racemosa","yes","Maianthemum","stellatum",""
"spike grass","yes","Stipa","lettermanii",""
"Stipa","yes","Stipa","lettermanii",""
"Stipa lettermanii?","yes","Stipa","lettermanii",""
"Stipa lettermani","yes","Stipa","lettermanii",""
"Stipa nelsonii?","yes","Stipa","lettermanii",""
"Stipa nelsoni (grass with long awns)","yes","Stipa","lettermanii",""
"Stipa nelsoni? long awns","yes","Stipa","lettermanii",""
"Stipa nelsonii (long awns)","yes","Stipa","lettermanii",""
"Thlaspi","yes","Noccaea","montana",""
"Trisetum","yes","Trisetum","spicatum",""
"Trisetum ssp.","yes","Trisetum","spicatum",""
"Trisetum spicatrum","yes","Trisetum","spicatum",""
"Trisetum spicatum - lots of short awns; west side","yes","Trisetum","spicatum",""
"Valeriana","yes","Valeriana","edulis",""
"Valeriana acutiloba","yes","Valeriana","capitata",""
"Valeriana (edulis?)","yes","Valeriana","edulis",""
"Valeriana acutiloba / edulis","yes","Valeriana","capitata",""
"Viola","yes","Viola","praemorsa",""
"Viola nutallii","yes","Viola","praemorsa",""
"Wheat","yes","Elymus","trachycaulis",""
"wheat grass","yes","Elymus","trachycaulis",""
"Gentiana elegans","yes","Gentianopsis","thermalis",NA
"Gentiana calycosa","yes","Pneumonanthe","parryi",NA
"Gentiana heterosepala","yes","Pneumonanthe","parryi",NA
"grass feathery","yes","Trisetum","spicatum",NA
"Gentianella barbellata","yes","Gentianopsis","barbellata",NA
"feathery grass","yes","Trisetum","spicatum",NA
"grass feather","yes","Trisetum","spicatum",NA
"grass (wheat)","yes","Elymus","trachycaulis",NA
"grass wheat","yes","Elymus","trachycaulis",NA
"grass - wheat grass","yes","Elymus","trachycaulis",NA
"grass - Poa-like, NW corner","yes","Trisetum","spicatum",NA
"grass - purple, stiff, mostly in NE corner","yes","Elymus","longifolius",NA
"grass - purple, stiff","yes","Elymus","longifolius",NA
"grass - long tight heads, middle of plot","yes","Elymus","trachycaulis",NA
"Agropyron","yes","Elymus","trachycaulis",NA
"Agropyron trachycaulus.1","yes","Elymus","trachycaulis",NA
"grass - tight long spike with lots of small white anthers, medium awns","yes","Trisetum","spicatum",NA
"grass - tight long spike with lots of small white anthers, medium awns, N side","yes","Trisetum","spicatum",NA
"grass - tight long spike with lots of small white anthers, medium awns, middle of plot","yes","Trisetum","spicatum",NA
"Agropyron spp","yes","Elymus","trachycaulis",NA
"Bromopsis spp. (hairy, purple)","yes","Ceratochloa","carinata",NA
"Bromopsis spp. (fuzzy, purple)","yes","Ceratochloa","carinata",NA
"Agropyron spp.","yes","Elymus","trachycaulis",NA
"grass - tight long spike with lots of small white anthers, medium awns, middle f plot","yes","Trisetum","spicatum",NA
"Bromopsis ssp. (fuzzy, purple)","yes","Ceratochloa","carinata",NA
"Agropyron ssp.","yes","Elymus","trachycaulis",NA
"Bromopsis ssp. (purple, furry)","yes","Ceratochloa","carinata",NA
"Pedicularis grayii - about 4 m east of plot","yes","Pedicularis","bracteosa",NA
"Pedicularis procera (grayi), about 4 m away","yes","Pedicularis","bracteosa",NA
"Geum triflorum","yes","Geum","triflorum",NA
"Epilobium (?) species just outside plot to N; get it next year","yes","Delete","",NA
"Geum - maybe not triflorum?","yes","Geum","triflorum",NA
"Pedicularis procera (grayi)","yes","Pedicularis","bracteosa",NA
"grass - Trisetum?","yes","Trisetum","spicatum",NA
"Descurainea richardsonii","yes","Descurainea","richardsonii","extra space?"
"Erythonium grandiflorum","yes","Erythronium","grandiflorum","extra space?"
"Aquilegia caerulea","yes","Aquilegia","coerulea",""
"Gastrolychnis drummondii (maybe Silene antirrhina?)","yes","Silene","antirrhina",""
"annual","yes","unknforb","",NA
"umbel just outside S corner","yes","unknforb","",NA
"unknown #1","yes","unknforb","",NA
"Agoseris","yes","unknforb","",NA
"Crucifer","yes","unknforb","",NA
"Erigeron sp.","yes","unknforb","",NA
"Minuartia??","yes","unknforb","",NA
"Erigeron ?","yes","unknforb","",NA
"Epilobium annual species","yes","unknforb","",NA
"purple aster","yes","unknforb","",NA
"giant Poa? Fat flowers, inflorescence very spread out, NW corner","yes","Poa","sp.",NA
"Chenopodium spp","yes","Chenopodium","sp.",NA
"Mis-identified","yes","unknforb","",NA
"small, low, 5 white petals","yes","unknforb","",NA
"Plantago","yes","unknforb","",NA
"Aster engelmanii","yes","Aster","engelmannii",NA
"Delete","yes","??","",NA
"Delphinium nuttallianium","yes","Delphinium","nuttallianum",NA
"Elymus trachycaulus","yes","Elymus","trachycaulis",NA
"Gentiana acuta","yes","Gentianella","acuta",NA
"Maianthemum stellata","yes","Maianthemum","stellatum",NA
"Osmorhiza occidentale","yes","Osmorhiza","occidentalis",NA
"Potentilla gracilis v. pulcherrima Potentilla gracilis v. pulcherrima","yes","Potentilla","gracilis v. pulcherrima",NA
"Stipa lettermannii","yes","Stipa","lettermanii",NA
"Total Flowers","yes","??","",NA
"Valeriana occidentalis","yes","Valeriana","capitata",NA
"Achillea millefolium","no","","",""
"Aconitum columbianum","no","","",""
"Agastache urticifolia","no","","",""
"Agoseris aurantiaca","no","","",""
"Agoseris glauca","no","","",""
"Allium geyeri","no","","",""
"Amelanchier pumila","no","","",""
"Amerosedum lanceolatum","no","","",""
"Androsace septentrionalis","no","","",""
"Angelica grayi","no","","",""
"Antennaria pulcherrima","no","","",""
"Aquilegia coerulea","no","","",""
"Arabis drummondii","no","","",""
"Arenaria congesta","no","","",""
"Arnica cordifolia","no","","",""
"Artemisia tridentata","no","","",""
"Calochortus gunnisonii","no","","",""
"Campanula rotundifolia","no","","",""
"Cardamine cordifolia","no","","",""
"Castilleja sulphurea","no","","",""
"Claytonia lanceolata","no","","",""
"Collomia linearis","no","","",""
"Corallorhiza trifida","no","","","not in current matrix"
"Delphinium barbeyi","no","","",""
"Delphinium nuttallianum","no","","",""
"Dodecatheon pulchellum","no","","",""
"Draba aurea","no","","",""
"Draba nemorosa","no","","",""
"Epilobium brachycarpum","no","","",""
"Erigeron coulteri","no","","",""
"Erigeron elatior","no","","",""
"Erigeron flagellaris","no","","",""
"Erigeron speciosus","no","","",""
"Eriogonum subalpinum","no","","",""
"Eriogonum umbellatum","no","","",""
"Erysimum asperum","no","","",""
"Erysimum capitatum","no","","",""
"Erythronium grandiflorum","no","","",""
"Fragaria virginiana","no","","",""
"Galium bifolium","no","","",""
"Galium boreale","no","","",""
"Galium septentrionale","no","","",""
"Gayophytum ramosissimum","no","","",""
"Gentianella acuta","no","","",""
"Gentianopsis thermalis","no","","",""
"Geranium richardsonii","no","","",""
"Gnaphalium uliginosum","no","","",""
"Helianthella quinquenervis","no","","",""
"Heliomeris multiflora","no","","",""
"Heuchera parviflora","no","","","not in plot"
"Hydrophyllum capitatum","no","","",""
"Hydrophyllum fendleri","no","","",""
"Ipomopsis aggregata","no","","",""
"Lathyrus leucanthus","no","","",""
"Ligusticum porteri","no","","",""
"Linum lewisii","no","","",""
"Lithophragma glabrum","no","","",""
"Lomatium dissectum","no","","",""
"Lonicera involucrata","no","","","not in plot"
"Lychnis apetala","no","","",""
"Mahonia repens","no","","",""
"Maianthemum stellatum","no","","",""
"Medicago lupulina","no","","","not in plot"
"Mertensia ciliata","no","","",""
"Mertensia fusiformis","no","","",""
"Mimulus guttatus","no","","",""
"Noccaea montana","no","","",""
"Oxypolis fendleri","no","","",""
"Paxistima myrsinites","no","","",""
"Pedicularis bracteosa","no","","",""
"Pedicularis groenlandica","no","","",""
"Phacelia heterophylla","no","","",""
"Pneumonanthe parryi","no","","",""
"Polygonum aviculare","no","","",""
"Polygonum douglasii","no","","",""
"Potentilla hippiana","no","","",""
"Pseudocymopterus montanus","no","","",""
"Ranunculus inamoenus","no","","",""
"Rosa woodsii","no","","",""
"Salix brachycarpa","no","","",""
"Salix drummondiana","no","","",""
"Salix geyeriana","no","","",""
"Salix monticola","no","","",""
"Salix wolfii","no","","",""
"Sedum rosea","no","","",""
"Senecio integerrimus","no","","",""
"Senecio triangularis","no","","",""
"Sidalcea candida","no","","","not in current matrix - might be outside plots and recently added"
"Solidago multiradiata","no","","",""
"Stellaria longifolia","no","","",""
"Swertia perennis","no","","",""
"Taraxacum officinale","no","","",""
"Thalictrum fendleri","no","","",""
"Tragopogon dubius","no","","","invasive"
"Trifolium hybridum","no","","","Species names are good, but no Trifolium in plots"
"Trifolium longipes","no","","",""
"Trifolium pratense","no","","",""
"Trifolium repens","no","","",""
"Valeriana capitata","no","","",""
"Valeriana edulis","no","","",""
"Veratrum tenuipetalum","no","","",""
"Viola adunca","no","","",""
"Viola praemorsa","no","","","Only V. praemorsa in current matrix"
"Astragalus alpinus","no","","","genus not in current data - 1973 plot"
"Carex geyeri","no","Carex","sp.","MANY other Carex present, never identified"
"Chenopodium album","no","","",""
"Deschampsia caespitosa","no","","",""
"Elymus trachycaulis","no","","",""
"Epilobium lactiflorum","no","","",""
"Epilobium saximontanum","no","","","not recently collected in Gothic -- usually higher alt."
"Festuca thurberi","no","","",""
"Hackelia floribunda","no","","",""
"Melica spectabilis","no","","",""
"Moehringia lateriflora","no","","",""
"Osmorhiza occidentalis","no","","",""
"Oxytropis deflexa","no","","",""
"Phleum commutatum","no","","",""
"Polygonum viviparum","no","","",""
"Senecio serra","no","","",""
"Silene antirrhina","no","","",""
"Thlaspi alpestre","no","","","good species name - not in current data"
"Thlaspi arvense","no","","","good species name - not in current data; invasive in Gothic"
"Trisetum spicatum","no","","",""
"Vicia americana","no","","",""
"Chenopodium foliosum","no","","",""
"Salix sp.","no","","",""
"Orobanche fasciculata","no","","",""
"Orobanche uniflora","no","","",""
"Listera borealis","no","","","1973 plots"
"Mitella pentandra","no","","","1974 plots"
"Orthocarpus luteus","no","","",""
"Trollius laxus","no","","",NA
"Listera cordata","no","","",NA
"Pyrola asarifolia","no","","",NA
"Streptopus amplexifolius","no","","",NA
"Parnassia fimbriata","no","","",NA
"Osmorhiza obtusa","no","","",NA
"Epilobium hornemanii","no","","",NA
"Hedysarum occidentale","no","","",NA
"Prunella vulgaris","no","","",NA
